<Nets>
   <Net Name ="BaseNet" Cols ="55" Rows="10" Topology="1" 
      activationThreshold="2.2"  axonalStrengthMedian="0.5" 
      changeEachTime ="false"  compensatoryDivisor="1" learningOn="2" 
      connectionStrength="0.02" connectivity="0.8"  decay="1.12" 
      fatigueRate= "0.045" fatigueRecoveryRate="0.01" learningRate="0.01" 
      likelihoodOfInhibitoryNeuron="0" neuronsFatigue="false" 
      neuronsToStimulate="30" saturationBase="5"  
      spontaneousActivationOn="false" cyclesPerRun="75" >
	<Patterns>
	  <Pattern Name="One"  Number="1" >
            <Rectangle StartIndex="0" EndIndex="0" />
            <Rectangle StartIndex="100" EndIndex="100" />
          </Pattern>
	</Patterns>
   </Net>
   
   <Net Name ="SomNet" Cols ="25" Rows="40" Topology="2" 
      activationThreshold="2.2"  axonalStrengthMedian="0.5" 
      changeEachTime ="false"  compensatoryDivisor="1" learningOn="2" 
      connectionStrength="0.02" connectivity="0.8"  decay="1.12" 
      fatigueRate= "0.045" fatigueRecoveryRate="0.01" learningRate="0.01" 
      likelihoodOfInhibitoryNeuron="50" neuronsFatigue="true" 
      neuronsToStimulate="0" saturationBase="2"  
      spontaneousActivationOn="false" cyclesPerRun="75" >
	<Patterns>
	  <Pattern Name="One"  Number="1" >
            <Rectangle StartIndex="0" EndIndex="99" />
          </Pattern>
	  <Pattern Name="Two"  Number="2" >
            <Rectangle StartIndex="100" EndIndex="199" />
          </Pattern>
	  <Pattern Name="Three"  Number="3" >
            <Rectangle StartIndex="200" EndIndex="299" />
          </Pattern>
	</Patterns>
   </Net>
   
   <Net Name ="HiddenNet" Cols ="25" Rows="40" Topology="3" 
      activationThreshold="2.2"  axonalStrengthMedian="0.5" 
      changeEachTime ="false"  compensatoryDivisor="1" learningOn="2" 
      connectionStrength="0.02" connectivity="0.8"  decay="1.12" 
      fatigueRate= "0.045" fatigueRecoveryRate="0.01" learningRate="0.01" 
      likelihoodOfInhibitoryNeuron="50" neuronsFatigue="true" 
      neuronsToStimulate="0" saturationBase="4"  
      spontaneousActivationOn="false" cyclesPerRun="75" >
	<Patterns>
	  <Pattern Name="One"  Number="1" >
            <Rectangle StartIndex="0" EndIndex="99" />
          </Pattern>
	  <Pattern Name="Two"  Number="2" >
            <Rectangle StartIndex="100" EndIndex="199" />
          </Pattern>
	  <Pattern Name="Three"  Number="3" >
            <Rectangle StartIndex="200" EndIndex="299" />
          </Pattern>
	</Patterns>
   </Net>

   <Net Name ="OutputNet" Cols ="5" Rows="30" Topology="4" 
      activationThreshold="2.2"  axonalStrengthMedian="0.5" 
      changeEachTime ="false"  compensatoryDivisor="1" learningOn="2" 
      connectionStrength="0.02" connectivity="0.8"  decay="1.12" 
      fatigueRate= "0.045" fatigueRecoveryRate="0.01" learningRate="0.01" 
      likelihoodOfInhibitoryNeuron="50" neuronsFatigue="true" 
      neuronsToStimulate="20" saturationBase="10"  
      spontaneousActivationOn="false" cyclesPerRun="75" >
	<Patterns>
	  <Pattern Name="One"  Number="1" >
            <Rectangle StartIndex="0" EndIndex="49" />
          </Pattern>
	  <Pattern Name="Two"  Number="2" >
            <Rectangle StartIndex="50" EndIndex="99" />
          </Pattern>
	  <Pattern Name="Three"  Number="3" >
            <Rectangle StartIndex="100" EndIndex="149" />
          </Pattern>
	</Patterns>
   </Net>
</Nets>
